iter	Logloss
0	0.4258845228
1	0.3289129599
2	0.2612133959
3	0.2038769573
4	0.1700931977
5	0.1441714134
6	0.1109424143
7	0.09154238364
8	0.08368830253
9	0.07596204326
